{"cameraMode":{"drawMode":0,"name":"Shaded","section":"Shading Mode"},"sceneLighting":true,"audioPlay":false,"sceneViewState":{"showFog":true,"showMaterialUpdate":false,"showSkybox":true,"showFlares":true,"showImageEffects":true,"showParticleSystems":true},"in2DMode":false,"pivot":{"x":33.630210876464847,"y":-582.6963500976563,"z":2374.078125},"rotation":{"x":-0.09168023616075516,"y":-0.005379124078899622,"z":0.0004951430601067841,"w":-0.9957738518714905},"size":3567.48046875,"orthographic":false}